{"means_l": [2.653736234487704, 9.867971261522651, 3.6611466391718617, 11.763438018827289, 1.1416158253758757, 0.6386935217929609, 3.130835543336495, 10.127235755314242, 11.767732475210899, 1.472276749638267, 8.886439499312232, 14.22958410603493, 9.14373163896379, 2.0246102208026047, 1.2007436321805158, 9.40691968158945, 2.359495954456114, 2.8348777654320987, 3.2570491913558812, 1.7648464921557794, 1.452063841726241], "stddevs_l": [5.158007370664693, 7.388970334866823, 2.9661601236414965, 6.248523849313605, 2.299818234044076, 1.7101556446841053, 2.9191239806598204, 5.213411478584418, 6.523735929939137, 3.0499940129706613, 6.8634042455389705, 7.911792590595765, 5.21934527376849, 2.7873765509411266, 2.541832385542693, 6.411427411267466, 4.074792016742504, 12.466149765209744, 2.564397845153019, 2.5263113890172466, 2.7981100632219227]}