{"mean_activations": [[5.133693788832063, 0.0, 6.90134505907546, 0.0, 2.776891952327659, 1.891012003539136, 6.341194605388558, 0.0, 0.0, 3.3460392772075496, 0.0, 0.0, 0.0, 3.931365652285748, 2.9102481393043163, 0.0, 4.553405872649623, 2.8348777654320987, 6.407481450388009, 3.4221276585232845, 3.284215531854002], [5.133693788832063, 19.967382517530723, 6.90134505907546, 23.453271304067815, 2.776891952327659, 1.891012003539136, 6.341194605388558, 20.31752782902184, 23.529358195058794, 3.3460392772075496, 0.0, 28.33597239308794, 17.914191968303083, 3.931365652285748, 2.9102481393043163, 18.423727333853897, 4.553405872649623, 2.8348777654320987, 6.407481450388009, 3.4221276585232845, 3.284215531854002], [0.0, 7.042275045902605, 0.0, 8.225092892301387, 0.0, 0.0, 0.0, 7.12589356840384, 8.254048181087658, 0.0, 17.48500502777777, 9.944654122846897, 0.0, 0.0, 0.0, 0.0, 0.0, 2.8348777654320987, 0.0, 0.0, 0.0]], "stddev_activations": [[10.287645121232753, 0.0, 5.88455696308347, 0.0, 4.310155038988821, 3.1510640047811806, 5.73524255268548, 0.0, 0.0, 5.854091225202174, 0.0, 0.0, 0.0, 5.52284039823194, 4.793519454850685, 0.0, 8.115547108393686, 12.466149765209744, 5.045947137089872, 5.002540370200768, 5.341205948216096], [10.287645121232753, 14.668783676802972, 5.88455696308347, 12.393919588131503, 4.310155038988821, 3.1510640047811806, 5.73524255268548, 10.301230060358156, 12.908293761680051, 5.854091225202174, 0.0, 15.757891981455433, 10.491228747856491, 5.52284039823194, 4.793519454850685, 12.887009605524685, 8.115547108393686, 12.466149765209744, 5.045947137089872, 5.002540370200768, 5.341205948216096], [0.0, 5.192665013190227, 0.0, 4.392247176550641, 0.0, 0.0, 0.0, 3.6489262301173175, 4.570185419425127, 0.0, 13.747826069185358, 5.587072550394104, 0.0, 0.0, 0.0, 0.0, 0.0, 12.466149765209744, 0.0, 0.0, 0.0]]}